id,Name,HISTO_6028,HISTO_6034,HISTO_6053,HISTO_6055,HISTO_6056,HISTO_6356,HISTO_6357,HISTO_7191,HISTO_7200,HISTO_7297,HISTO_7299,HISTO_7905,HISTO_7906,HISTO_7907,HISTO_7909,HISTO_7974,HISTO_9322,HISTO_9823,
1,Existing_AandM_EC_Tower,1836,712,77,216,83,165,136,12,7,2,79,10,9,23,2,2,101,17,3489
,,52.62252794,20.40699341,2.206936085,6.190885641,2.37890513,4.729148753,3,0.343938091,0.200630553,0.057323015,2.2642591,0.286615076,0.257953568,0.659214675,0.057323015,0.057323015,2.894812267,0.487245629,
,,Appalachian Oak/Chestnut Forest,Appalachian & Interior Mesic Forest,,Shortleaf Pine-Oak Forest-Evergreen Modifier,,,,,,,,,,,,,,,